<?xml version="1.0" encoding="UTF-8"?>
<!DOCTYPE suite SYSTEM "https://testng.org/testng-1.0.dtd">
<suite name="TestSuite">
<parameter name="username" value="username"></parameter>
<parameter name="password" value="password"></parameter>
	<test thread-count="5" name="Test">
		<groups>
			<run>
				<include name="smoke"></include>
				<exclude name="Regression"></exclude>
			</run>
		</groups>

		<classes>
			<class name="ZeroBank.ZeroBank_Purchaseforeigncurrency" />
		</classes>
	</test> <!-- Test -->
</suite> <!-- TestSuite -->
